	AI	FMC	HI	PI	SC	SH
AI		0.107286	0.0655661	0.044086	0.115258	0.114874
FMC			0.107351	0.097999	0.0422927	0.0523397
HI				0.0484493	0.115572	0.115491
PI					0.10669	0.102719
SC						0.0567181
